code,country_code,regex,lengths,national_prefix,international_prefix,national_example,international_example,e164_example,rfc3966_example
AW,297,"(?:290|5[69]\d|6(?:[03]0|22|4[0-2]|[69]\d)|7(?:[34]\d|7[07])|9(?:6[45]|9[4-8]))\d{4}",,,,"560 1234","+297 560 1234",+2975601234,tel:+297-560-1234
AF,93,"7\d{8}",,,,"070 123 4567","+93 70 123 4567",+93701234567,tel:+93-70-123-4567
AO,244,"9[1-79]\d{7}",,,,"923 123 456","+244 923 123 456",+244923123456,tel:+244-923-123-456
AI,1,"264(?:235|4(?:69|76)|5(?:3[6-9]|8[1-4])|7(?:29|72))\d{4}",,,,"(264) 235-1234","+1 264-235-1234",+12642351234,tel:+1-264-235-1234
AX,358,"4946\d{2,6}|(?:4[0-8]|50)\d{4,8}","6, 7, 8, 9, 10",,,"041 2345678","+358 41 2345678",+358412345678,tel:+358-41-2345678
AL,355,"6(?:[78][2-9]|9\d)\d{6}",9,,,"067 212 3456","+355 67 212 3456",+355672123456,tel:+355-67-212-3456
AD,376,"690\d{6}|[356]\d{5}","6, 9",,,"312 345","+376 312 345",+376312345,tel:+376-312-345
AE,971,"5[024-68]\d{7}",9,,,"050 123 4567","+971 50 123 4567",+971501234567,tel:+971-50-123-4567
AR,54,"93(?:7(?:1[15]|81)|8(?:21|4[16]|69|9[12]))[46]\d{5}|9(?:2(?:2(?:2[59]|44|52)|3(?:26|44)|47[35]|9(?:[07]2|2[26]|34|46))|3327)[45]\d{5}|9(?:2(?:657|9(?:54|66))|3(?:48[27]|7(?:55|77)|8(?:65|78)))[2-8]\d{5}|9(?:2(?:284|3(?:02|23)|477|622|920)|3(?:4(?:46|89|92)|541))[2-7]\d{5}|(?:675\d|9(?:11[1-8]\d|2(?:2(?:0[45]|1[2-6]|3[3-6])|3(?:[06]4|7[45])|494|6(?:04|1[2-8]|[36][45]|4[3-6])|80[45]|9(?:[17][4-6]|[48][45]|9[3-6]))|3(?:364|4(?:1[2-8]|[25][4-6]|3[3-6]|84)|5(?:1[2-9]|[38][4-6])|6(?:2[45]|44)|7[069][45]|8(?:0[45]|1[2-7]|3[4-6]|5[3-6]|7[2-6]|8[3-68]))))\d{6}|9(?:2(?:2(?:62|81)|320|9(?:42|83))|3(?:329|4(?:62|7[16])|5(?:43|64)|7(?:18|5[17])))[2-6]\d{5}|92(?:2(?:21|4[23]|6[145]|7[1-4]|8[356]|9[267])|3(?:16|3[13-8]|43|5[346-8]|9[3-5])|6(?:2[46]|4[78]|5[1568])|9(?:03|2[1457-9]|3[1356]|4[08]|[56][23]|82))4\d{5}|9(?:2(?:257|3(?:24|46|92)|9(?:01|23|64))|3(?:4(?:42|64)|5(?:25|37|4[47]|71)|7(?:35|72)|825))[3-6]\d{5}|9(?:2(?:2(?:02|2[3467]|4[156]|5[45]|6[6-8]|91)|3(?:1[47]|25|[45][25]|96)|47[48]|625|932)|3(?:38[2578]|4(?:0[0-24-9]|3[78]|4[457]|58|6[035-9]|72|83|9[136-8])|5(?:2[124]|[368][23]|4[2689]|7[2-6])|7(?:16|2[15]|3[14]|4[13]|5[468]|7[3-5]|8[26])|8(?:2[67]|3[278]|4[3-5]|5[78]|6[1-378]|[78]7|94)))[4-6]\d{5}",,,,"011 15-2345-6789","+54 9 11 2345-6789",+5491123456789,tel:+54-9-11-2345-6789
AM,374,"(?:33|4[1349]|55|77|88|9[13-9])\d{6}",,,,"077 123456","+374 77 123456",+37477123456,tel:+374-77-123456
AS,1,"684(?:2(?:48|5[2468]|7[26])|7(?:3[13]|70|82))\d{4}",,,,"(684) 733-1234","+1 684-733-1234",+16847331234,tel:+1-684-733-1234
AG,1,"268(?:464|7(?:1[3-9]|[28]\d|3[0246]|64|7[0-689]))\d{4}",,,,"(268) 464-1234","+1 268-464-1234",+12684641234,tel:+1-268-464-1234
AU,61,"4(?:79[01]|83[0-389]|94[0-478])\d{5}|4(?:[0-36]\d|4[047-9]|[58][0-24-9]|7[02-8]|9[0-37-9])\d{6}",9,,,"0412 345 678","+61 412 345 678",+61412345678,tel:+61-412-345-678
AT,43,"6(?:485|(?:5[0-3579]|6[013-9]|[7-9]\d)\d)\d{3,9}","7, 8, 9, 10, 11, 12, 13",,,"0664 123456","+43 664 123456",+43664123456,tel:+43-664-123456
AZ,994,"36554\d{4}|(?:[16]0|4[04]|5[015]|7[07]|99)\d{7}",,,,"040 123 45 67","+994 40 123 45 67",+994401234567,tel:+994-40-123-45-67
BI,257,"(?:29|6[124-9]|7[125-9])\d{6}",,,,"79 56 12 34","+257 79 56 12 34",+25779561234,tel:+257-79-56-12-34
BE,32,"4[5-9]\d{7}",9,,,"0470 12 34 56","+32 470 12 34 56",+32470123456,tel:+32-470-12-34-56
BJ,229,"(?:01(?:2[5-9]|[4-69]\d)|4[0-8]|[56]\d|9[013-9])\d{6}",,,,"01 95 12 34 56","+229 01 95 12 34 56",+2290195123456,tel:+229-01-95-12-34-56
BF,226,"(?:0[1-7]|44|5[0-8]|[67]\d)\d{6}",,,,"70 12 34 56","+226 70 12 34 56",+22670123456,tel:+226-70-12-34-56
BD,880,"(?:1[13-9]\d|644)\d{7}|(?:3[78]|44|66)[02-9]\d{7}",10,,,01812-345678,"+880 1812-345678",+8801812345678,tel:+880-1812-345678
BG,359,"(?:43[07-9]|99[69]\d)\d{5}|(?:8[7-9]|98)\d{7}","8, 9",,,"043 012 345","+359 43 012 345",+35943012345,tel:+359-43-012-345
BH,973,"(?:3(?:[0-79]\d|8[0-57-9])\d|6(?:3(?:00|33|6[16])|441|6(?:3[03-9]|[69]\d|7[0-689])))\d{4}",,,,"3600 1234","+973 3600 1234",+97336001234,tel:+973-3600-1234
BS,1,"242(?:3(?:5[79]|7[56]|95)|4(?:[23][1-9]|4[1-35-9]|5[1-8]|6[2-8]|7\d|81)|5(?:2[45]|3[35]|44|5[1-46-9]|65|77)|6[34]6|7(?:27|38)|8(?:0[1-9]|1[02-9]|2\d|3[0-4]|[89]9))\d{4}",,,,"(242) 359-1234","+1 242-359-1234",+12423591234,tel:+1-242-359-1234
BA,387,"6040\d{5}|6(?:03|[1-356]|44|7\d)\d{6}",,,,"061 123 456","+387 61 123 456",+38761123456,tel:+387-61-123-456
BL,590,"(?:69(?:0\d\d|1(?:2[2-9]|3[0-5])|4(?:0[89]|1[2-6]|9\d)|6(?:1[016-9]|5[0-4]|[67]\d))|7090[0-4])\d{4}",,,,"0690 00 12 34","+590 690 00 12 34",+590690001234,tel:+590-690-00-12-34
SH,290,"[56]\d{4}",5,,,51234,"+290 51234",+29051234,tel:+290-51234
BY,375,"(?:2(?:5[5-79]|9[1-9])|(?:33|44)\d)\d{6}",9,,,"8 029 491-19-11","+375 29 491-19-11",+375294911911,tel:+375-29-491-19-11
BZ,501,"6[0-35-7]\d{5}",7,,,622-1234,"+501 622-1234",+5016221234,tel:+501-622-1234
BM,1,"441(?:[2378]\d|5[0-39]|9[02])\d{5}",,,,"(441) 370-1234","+1 441-370-1234",+14413701234,tel:+1-441-370-1234
BO,591,"[67]\d{7}",8,,,71234567,"+591 71234567",+59171234567,tel:+591-71234567
BR,55,"(?:[14689][1-9]|2[12478]|3[1-578]|5[13-5]|7[13-579])(?:7|9\d)\d{7}","10, 11",,,"(11) 96123-4567","+55 11 96123-4567",+5511961234567,tel:+55-11-96123-4567
BB,1,"246(?:(?:2(?:[3568]\d|4[0-57-9])|3(?:5[2-9]|6[0-6])|4(?:46|5\d)|69[5-7]|8(?:[2-5]\d|83))\d|52(?:1[147]|20))\d{3}",,,,"(246) 250-1234","+1 246-250-1234",+12462501234,tel:+1-246-250-1234
BN,673,"(?:22[89]|[78]\d\d)\d{4}",,,,"712 3456","+673 712 3456",+6737123456,tel:+673-712-3456
BT,975,"(?:1[67]|[78]7)\d{6}",8,,,"17 12 34 56","+975 17 12 34 56",+97517123456,tel:+975-17-12-34-56
BW,267,"(?:321|7[1-8]\d)\d{5}",8,,,"71 123 456","+267 71 123 456",+26771123456,tel:+267-71-123-456
CF,236,"7[024-7]\d{6}",,,,"70 01 23 45","+236 70 01 23 45",+23670012345,tel:+236-70-01-23-45
CA,1,"(?:2(?:04|[23]6|[48]9|5[07]|63)|3(?:06|43|54|6[578]|82)|4(?:03|1[68]|[26]8|3[178]|50|74)|5(?:06|1[49]|48|79|8[147])|6(?:04|[18]3|39|47|72)|7(?:0[59]|42|53|78|8[02])|8(?:[06]7|19|25|7[39])|9(?:0[25]|42))[2-9]\d{6}",10,,,"(506) 234-5678","+1 506-234-5678",+15062345678,tel:+1-506-234-5678
CC,61,"4(?:79[01]|83[0-389]|94[0-478])\d{5}|4(?:[0-36]\d|4[047-9]|[58][0-24-9]|7[02-8]|9[0-37-9])\d{6}",9,,,"0412 345 678","+61 412 345 678",+61412345678,tel:+61-412-345-678
CH,41,"(?:6[89]|7[235-9])\d{7}",9,,,"078 123 45 67","+41 78 123 45 67",+41781234567,tel:+41-78-123-45-67
CL,56,"2(?:1982[0-6]|3314[05-9])\d{3}|(?:2(?:1(?:160|962)|2\d{3}|3(?:(?:2\d|50)\d|3(?:[03467]\d|1[0-35-9]|2[1-9]|5[0-24-9]|8[0-389]|9[0-8])|600)|646[59])|(?:(?:3[2-5]|[47][1-35]|5[1-3578]|6[13-57])\d|8(?:0[1-8]|[1-9]\d))\d\d|9(?:(?:10[01]|(?:[2458]\d|7[1-9])\d)\d|3(?:[0-57-9]\d\d|6(?:0[02-9]|[1-9]\d))|6(?:[0-8]\d\d|9(?:[02-79]\d|1[05-9]))|9(?:[03-9]\d\d|1(?:[0235-9]\d|4[0-24-9])|2(?:[0-79]\d|8[0-46-9]))))\d{4}",9,,,"(2) 2123 4567","+56 2 2123 4567",+56221234567,tel:+56-2-2123-4567
CN,86,"1740[0-5]\d{6}|1(?:[38]\d|4[57]|[59][0-35-9]|6[25-7]|7[0-35-8])\d{8}",11,,,"131 2345 6789","+86 131 2345 6789",+8613123456789,tel:+86-131-2345-6789
CI,225,"0[157]\d{8}",,,,"01 23 45 6789","+225 01 23 45 6789",+2250123456789,tel:+225-01-23-45-6789
CM,237,"(?:24[23]|6(?:[25-9]\d|40))\d{6}",9,,,"6 71 23 45 67","+237 6 71 23 45 67",+237671234567,tel:+237-6-71-23-45-67
CD,243,"88\d{5}|(?:8[0-69]|9[017-9])\d{7}","7, 9",,,"0991 234 567","+243 991 234 567",+243991234567,tel:+243-991-234-567
CG,242,"026(?:1[0-5]|6[6-9])\d{4}|0(?:[14-6]\d\d|2(?:40|5[5-8]|6[07-9]))\d{5}",,,,"06 123 4567","+242 06 123 4567",+242061234567,tel:+242-06-123-4567
CK,682,"[578]\d{4}",,,,"71 234","+682 71 234",+68271234,tel:+682-71-234
CO,57,"333301[0-5]\d{3}|3333(?:00|2[5-9]|[3-9]\d)\d{4}|(?:3(?:(?:0[0-5]|1\d|5[01]|70)\d|2(?:[0-3]\d|4[1-9])|3(?:00|3[0-24-9]))|9(?:101|408))\d{6}",10,,,"321 1234567","+57 321 1234567",+573211234567,tel:+57-321-1234567
KM,269,"[34]\d{6}",,,,"321 23 45","+269 321 23 45",+2693212345,tel:+269-321-23-45
CV,238,"(?:36|5[1-389]|9\d)\d{5}",,,,"991 12 34","+238 991 12 34",+2389911234,tel:+238-991-12-34
CR,506,"(?:3005\d|6500[01])\d{3}|(?:5[07]|6[0-4]|7[0-3]|8[3-9])\d{6}",8,,,"8312 3456","+506 8312 3456",+50683123456,tel:+506-8312-3456
CU,53,"(?:5\d|6[2-4])\d{6}",8,,,"05 1234567","+53 5 1234567",+5351234567,tel:+53-5-1234567
CX,61,"4(?:79[01]|83[0-389]|94[0-478])\d{5}|4(?:[0-36]\d|4[047-9]|[58][0-24-9]|7[02-8]|9[0-37-9])\d{6}",9,,,"0412 345 678","+61 412 345 678",+61412345678,tel:+61-412-345-678
KY,1,"345(?:32[1-9]|42[0-4]|5(?:1[67]|2[5-79]|4[6-9]|50|76)|649|82[56]|9(?:1[679]|2[2-9]|3[06-9]|90))\d{4}",,,,"(345) 323-1234","+1 345-323-1234",+13453231234,tel:+1-345-323-1234
CY,357,"9(?:10|[4-79]\d)\d{5}",,,,"96 123456","+357 96 123456",+35796123456,tel:+357-96-123456
CZ,420,"7(?:060\d|19(?:[0-4]\d|50))\d{4}|(?:60[1-8]|7(?:0[2-5]|[2379]\d))\d{6}",9,,,"601 123 456","+420 601 123 456",+420601123456,tel:+420-601-123-456
DE,49,"1(?:(?:5(?:[0-25-9]\d\d|3(?:10|33))|7[26-9]\d\d)\d{6}|6[023]\d{7,8})|17\d{8}","10, 11",,,"01512 3456789","+49 1512 3456789",+4915123456789,tel:+49-1512-3456789
DJ,253,"77\d{6}",,,,"77 83 10 01","+253 77 83 10 01",+25377831001,tel:+253-77-83-10-01
DM,1,"767(?:2(?:[2-4689]5|7[5-7])|31[5-7]|61[1-8]|70[1-6])\d{4}",,,,"(767) 225-1234","+1 767-225-1234",+17672251234,tel:+1-767-225-1234
DK,45,"(?:2[6-8]|37|6[78]|96)\d{6}|(?:2[0-59]|3[0-689]|[457]\d|6[0-69]|8[126-9]|9[1-47-9])[1-9]\d{5}",,,,"34 41 23 45","+45 34 41 23 45",+4534412345,tel:+45-34-41-23-45
DO,1,"8[024]9[2-9]\d{6}",,,,"(809) 234-5678","+1 809-234-5678",+18092345678,tel:+1-809-234-5678
DZ,213,"(?:5(?:4[0-29]|5\d|6[0-3])|6(?:[569]\d|7[0-6])|7[7-9]\d)\d{6}",9,,,"0551 23 45 67","+213 551 23 45 67",+213551234567,tel:+213-551-23-45-67
EC,593,"964[0-2]\d{5}|9(?:39|[57][89]|6[0-36-9]|[89]\d)\d{6}",9,,,"099 123 4567","+593 99 123 4567",+593991234567,tel:+593-99-123-4567
EG,20,"1[0-25]\d{8}",10,,,"010 01234567","+20 10 01234567",+201001234567,tel:+20-10-01234567
ER,291,"(?:17[1-3]|7\d\d)\d{4}",,,,"07 123 456","+291 7 123 456",+2917123456,tel:+291-7-123-456
EH,212,"(?:6(?:[0-79]\d|8[0-247-9])|7(?:[0167]\d|2[0-8]|5[0-5]|8[0-7]))\d{6}",,,,0650-123456,"+212 650-123456",+212650123456,tel:+212-650-123456
ES,34,"(?:590[16]00\d|9(?:6906(?:09|10)|7390\d\d))\d\d|(?:6\d|7[1-48])\d{7}",,,,"612 34 56 78","+34 612 34 56 78",+34612345678,tel:+34-612-34-56-78
EE,372,"(?:5\d{5}|8(?:1(?:0(?:0(?:00|[178]\d)|[3-9]\d\d)|(?:1(?:0[2-6]|1\d)|(?:2[0-59]|[3-79]\d)\d)\d)|2(?:0(?:0(?:00|4\d)|(?:19|[2-7]\d)\d)|(?:(?:[124-69]\d|3[5-9])\d|7(?:[0-79]\d|8[13-9])|8(?:[2-6]\d|7[01]))\d)|[349]\d{4}))\d\d|5(?:(?:[02]\d|5[0-478])\d|1(?:[0-8]\d|95)|6(?:4[0-4]|5[1-589]))\d{3}","7, 8",,,"5123 4567","+372 5123 4567",+37251234567,tel:+372-5123-4567
ET,251,"700[1-9]\d{5}|(?:7(?:0[1-9]|1[0-8]|22|77|86|99)|9\d\d)\d{6}",,,,"091 123 4567","+251 91 123 4567",+251911234567,tel:+251-91-123-4567
FI,358,"4946\d{2,6}|(?:4[0-8]|50)\d{4,8}","6, 7, 8, 9, 10",,,"041 2345678","+358 41 2345678",+358412345678,tel:+358-41-2345678
FJ,679,"(?:[279]\d|45|5[01568]|8[034679])\d{5}",7,,,"701 2345","+679 701 2345",+6797012345,tel:+679-701-2345
FK,500,"[56]\d{4}",,,,51234,"+500 51234",+50051234,tel:+500-51234
FR,33,"(?:6(?:[0-24-8]\d|3[0-8]|9[589])|7[3-9]\d)\d{6}",,,,"06 12 34 56 78","+33 6 12 34 56 78",+33612345678,tel:+33-6-12-34-56-78
FO,298,"(?:[27][1-9]|5\d|9[16])\d{4}",,,,211234,"+298 211234",+298211234,tel:+298-211234
FM,691,"31(?:00[67]|208|309)\d\d|(?:3(?:[2357]0[1-9]|602|804|905)|(?:820|9[2-7]\d)\d)\d{3}",,,,"350 1234","+691 350 1234",+6913501234,tel:+691-350-1234
GA,241,"(?:(?:0[2-7]|7[467])\d|6(?:0[0-4]|10|[256]\d))\d{5}|[2-7]\d{6}",,,,"06 03 12 34","+241 06 03 12 34",+24106031234,tel:+241-06-03-12-34
GB,44,"7(?:457[0-57-9]|700[01]|911[028])\d{5}|7(?:[1-3]\d\d|4(?:[0-46-9]\d|5[0-689])|5(?:0[0-8]|[13-9]\d|2[0-35-9])|7(?:0[1-9]|[1-7]\d|8[02-9]|9[0-689])|8(?:[014-9]\d|[23][0-8])|9(?:[024-9]\d|1[02-9]|3[0-689]))\d{6}",10,,,"07400 123456","+44 7400 123456",+447400123456,tel:+44-7400-123456
GE,995,"5(?:(?:(?:0555|1(?:[17]77|555))[5-9]|757(?:7[7-9]|8[01]))\d|22252[0-4])\d\d|5(?:0(?:0[17]0|505)|1(?:0[01]0|1(?:07|33|51))|2(?:0[02]0|2[25]2)|3(?:0[03]0|3[35]3)|(?:40[04]|900)0|5222)[0-4]\d{3}|(?:5(?:0(?:0(?:0\d|11|22|3[0-6]|44|5[05]|77|88|9[09])|(?:[14]\d|77)\d|22[02])|1(?:1(?:[03][01]|[124]\d|5[2-6]|7[0-4])|4\d\d)|[23]555|4(?:4\d\d|555)|5(?:[0157-9]\d\d|200|333|444)|6[89]\d\d|7(?:[0147-9]\d\d|5(?:00|[57]5))|8(?:0(?:[018]\d|2[0-4])|5(?:55|8[89])|8(?:55|88))|9(?:090|[1-35-9]\d\d))|790\d\d)\d{4}",,,,"555 12 34 56","+995 555 12 34 56",+995555123456,tel:+995-555-12-34-56
GG,44,"7(?:(?:781|839)\d|911[17])\d{5}",10,,,"07781 123456","+44 7781 123456",+447781123456,tel:+44-7781-123456
GH,233,"(?:2(?:[0346-9]\d|5[67])|5(?:[03-7]\d|9[1-9]))\d{6}",9,,,"023 123 4567","+233 23 123 4567",+233231234567,tel:+233-23-123-4567
GI,350,"5251[0-4]\d{3}|(?:5(?:[146-8]\d\d|250)|60(?:1[01]|6\d))\d{4}",,,,57123456,"+350 57123456",+35057123456,tel:+350-57123456
GN,224,"6[0-356]\d{7}",9,,,"601 12 34 56","+224 601 12 34 56",+224601123456,tel:+224-601-12-34-56
GP,590,"(?:69(?:0\d\d|1(?:2[2-9]|3[0-5])|4(?:0[89]|1[2-6]|9\d)|6(?:1[016-9]|5[0-4]|[67]\d))|7090[0-4])\d{4}",,,,"0690 00 12 34","+590 690 00 12 34",+590690001234,tel:+590-690-00-12-34
GM,220,"556\d{4}|(?:[23679]\d|4[015]|5[0-489]|8[67])\d{5}",,,,"301 2345","+220 301 2345",+2203012345,tel:+220-301-2345
GW,245,"9(?:5\d|6[569]|77)\d{6}",9,,,"955 012 345","+245 955 012 345",+245955012345,tel:+245-955-012-345
GQ,240,"(?:222|55\d)\d{6}",,,,"222 123 456","+240 222 123 456",+240222123456,tel:+240-222-123-456
GR,30,"68[57-9]\d{7}|(?:69|94)\d{8}",10,,,"691 234 5678","+30 691 234 5678",+306912345678,tel:+30-691-234-5678
GD,1,"473(?:4(?:0[2-79]|1[04-9]|2[0-5]|49|5[6-8])|5(?:2[01]|3[3-8])|901)\d{4}",,,,"(473) 403-1234","+1 473-403-1234",+14734031234,tel:+1-473-403-1234
GL,299,"[245]\d{5}",,,,"22 12 34","+299 22 12 34",+299221234,tel:+299-22-12-34
GT,502,"(?:[3-5]\d\d|80[0-4])\d{5}",8,,,"5123 4567","+502 5123 4567",+50251234567,tel:+502-5123-4567
GF,594,"(?:694(?:[0-249]\d|3[0-8])|7093[0-3])\d{4}",,,,"0694 20 12 34","+594 694 20 12 34",+594694201234,tel:+594-694-20-12-34
GU,1,"671(?:2\d\d|3(?:00|3[39]|4[349]|55|6[26])|4(?:00|56|7[1-9]|8[02-9])|5(?:55|6[2-5]|88)|6(?:3[2-578]|4[24-9]|5[34]|78|8[235-9])|7(?:[0479]7|2[0167]|3[45]|8[7-9])|8(?:[2-57-9]8|6[478])|9(?:2[29]|6[79]|7[1279]|8[7-9]|9[78]))\d{4}",,,,"(671) 300-1234","+1 671-300-1234",+16713001234,tel:+1-671-300-1234
GY,592,"(?:51[01]|6\d\d|7(?:[0-5]\d|6[0-39]|70))\d{4}",,,,"609 1234","+592 609 1234",+5926091234,tel:+592-609-1234
HK,852,"(?:4(?:44[0-35-9]|6(?:4[0-57-9]|6[0-4])|7(?:3[0-4]|4[0-48]|6[0-5]))|5(?:35[4-8]|73[0-6]|95[0-8])|6(?:26[013-8]|(?:66|78)[0-5])|70(?:7[1-8]|8[0-8])|84(?:4[0-2]|8[0-35-9])|9(?:29[013-9]|39[014-9]|59[0-4]|899))\d{4}|(?:4(?:4[0-35-9]|6[0-357-9]|7[0-25])|5(?:[1-59][0-46-9]|6[0-4689]|7[0-246-9])|6(?:0[1-9]|[13-59]\d|[268][0-57-9]|7[0-79])|70[1-59]|84[0-39]|9(?:0[1-9]|1[02-9]|[2358][0-8]|[467]\d))\d{5}",8,,,"5123 4567","+852 5123 4567",+85251234567,tel:+852-5123-4567
HM,,,,,,,,,
HN,504,"[37-9]\d{7}",8,,,9123-4567,"+504 9123-4567",+50491234567,tel:+504-9123-4567
HR,385,"9(?:(?:0[1-9]|[12589]\d)\d\d|7(?:[0679]\d\d|5(?:[01]\d|44|55|77|9[5-79])))\d{4}|98\d{6}","8, 9",,,"092 123 4567","+385 92 123 4567",+385921234567,tel:+385-92-123-4567
HT,509,"(?:[34]\d|5[56])\d{6}",,,,"34 10 1234","+509 34 10 1234",+50934101234,tel:+509-34-10-1234
HU,36,"(?:[257]0|3[01])\d{7}",9,,,"06 20 123 4567","+36 20 123 4567",+36201234567,tel:+36-20-123-4567
ID,62,"8[1-35-9]\d{7,10}","9, 10, 11, 12",,,0812-345-678,"+62 812-345-678",+62812345678,tel:+62-812-345-678
IM,44,"76245[06]\d{4}|7(?:4576|[59]24\d|624[0-4689])\d{5}",,,,"07924 123456","+44 7924 123456",+447924123456,tel:+44-7924-123456
IN,91,"(?:61279|7(?:887[02-9]|9(?:313|79[07-9]))|8(?:079[04-9]|(?:84|91)7[02-8]))\d{5}|(?:6(?:12|[2-47]1|5[17]|6[13]|80)[0189]|7(?:1(?:2[0189]|9[0-5])|2(?:[14][017-9]|8[0-59])|3(?:2[5-8]|[34][017-9]|9[016-9])|4(?:1[015-9]|[29][89]|39|8[389])|5(?:[15][017-9]|2[04-9]|9[7-9])|6(?:0[0-47]|1[0-257-9]|2[0-4]|3[19]|5[4589])|70[0289]|88[089]|97[02-8])|8(?:0(?:6[67]|7[02-8])|70[017-9]|84[01489]|91[0-289]))\d{6}|(?:7(?:31|4[47])|8(?:16|2[014]|3[126]|6[136]|7[78]|83))(?:[0189]\d|7[02-8])\d{5}|(?:6(?:[09]\d|1[04679]|2[03689]|3[05-9]|4[0489]|50|6[069]|7[07]|8[7-9])|7(?:0\d|2[0235-79]|3[05-8]|40|5[0346-8]|6[6-9]|7[1-9]|8[0-79]|9[089])|8(?:0[01589]|1[0-57-9]|2[235-9]|3[03-57-9]|[45]\d|6[02457-9]|7[1-69]|8[0-25-9]|9[02-9])|9\d\d)\d{7}|(?:6(?:(?:1[1358]|2[2457]|3[2-4]|4[235-7]|5[2-689]|6[24578]|8[124-6])\d|7(?:[235689]\d|4[0189]))|7(?:1(?:[013-8]\d|9[6-9])|28[6-8]|3(?:2[0-49]|9[2-5])|4(?:1[2-4]|[29][0-7]|3[0-8]|[56]\d|8[0-24-7])|5(?:2[1-3]|9[0-6])|6(?:0[5689]|2[5-9]|3[02-8]|4\d|5[0-367])|70[13-7]|881))[0189]\d{5}",10,,,"081234 56789","+91 81234 56789",+918123456789,tel:+91-81234-56789
IO,246,"38\d{5}",,,,"380 1234","+246 380 1234",+2463801234,tel:+246-380-1234
IE,353,"8(?:22|[35-9]\d)\d{6}",9,,,"085 012 3456","+353 85 012 3456",+353850123456,tel:+353-85-012-3456
IR,98,"9(?:(?:0[0-5]|[13]\d|2[0-3])\d\d|9(?:[0-46]\d\d|5(?:10|5\d)|8(?:[12]\d|88)|9(?:0[0-3]|[19]\d|21|69|77|8[7-9])))\d{5}",10,,,"0912 345 6789","+98 912 345 6789",+989123456789,tel:+98-912-345-6789
IQ,964,"7[3-9]\d{8}",10,,,"0791 234 5678","+964 791 234 5678",+9647912345678,tel:+964-791-234-5678
IS,354,"(?:38[589]\d\d|6(?:1[1-8]|2[0-6]|3[026-9]|4[014679]|5[0159]|6[0-69]|70|8[06-8]|9\d)|7(?:5[057]|[6-9]\d)|8(?:2[0-59]|[3-69]\d|8[238]))\d{4}",,,,"611 1234","+354 611 1234",+3546111234,tel:+354-611-1234
IL,972,"55(?:4(?:0[01]|10|5[0-7])|57[0-289])\d{4}|5(?:(?:[0-2][02-9]|[36]\d|[49][2-9]|8[3-7])\d|5(?:01|2\d|3[0-3]|4[34]|5[0-25689]|6[6-8]|7[0-267]|8[7-9]|9[1-9]))\d{5}",9,,,050-234-5678,"+972 50-234-5678",+972502345678,tel:+972-50-234-5678
IT,39,"3[2-9]\d{7,8}|(?:31|43)\d{8}","9, 10",,,"312 345 6789","+39 312 345 6789",+393123456789,tel:+39-312-345-6789
JM,1,"(?:658295|876(?:2(?:0[1-9]|[13-9]\d|2[013-9])|[348]\d\d|5(?:0[1-9]|[1-9]\d)|6(?:4[89]|6[67])|7(?:0[07]|7\d|8[1-47-9]|9[0-36-9])|9(?:[01]9|9[0579])))\d{4}",,,,"(876) 210-1234","+1 876-210-1234",+18762101234,tel:+1-876-210-1234
JE,44,"7(?:(?:(?:50|82)9|937)\d|7(?:00[378]|97\d))\d{5}",,,,"07797 712345","+44 7797 712345",+447797712345,tel:+44-7797-712345
JO,962,"7(?:[78][0-25-9]|9\d)\d{6}",9,,,"07 9012 3456","+962 7 9012 3456",+962790123456,tel:+962-7-9012-3456
JP,81,"(?:601[0-4]0|[7-9]0[1-9]\d\d)\d{5}",10,,,090-1234-5678,"+81 90-1234-5678",+819012345678,tel:+81-90-1234-5678
KZ,7,"7(?:0[0-25-8]|47|6[0-4]|7[15-8]|85)\d{7}",10,,,"8 (771) 000 9998","+7 771 000 9998",+77710009998,tel:+7-771-000-9998
KE,254,"(?:1(?:0[0-8]|1[0-7]|2[014]|30)|7\d\d)\d{6}",9,,,"0712 123456","+254 712 123456",+254712123456,tel:+254-712-123456
KG,996,"312(?:58\d|973)\d{3}|(?:2(?:0[0-35]|2\d)|5[0-24-7]\d|600|7(?:[07]\d|55)|88[08]|9(?:12|9[05-9]))\d{6}",9,,,"0700 123 456","+996 700 123 456",+996700123456,tel:+996-700-123-456
KH,855,"(?:(?:1[28]|3[18]|9[67])\d|6[016-9]|7(?:[07-9]|[16]\d)|8(?:[013-79]|8\d))\d{6}|(?:1\d|9[0-57-9])\d{6}|(?:2[3-6]|3[2-6]|4[2-4]|[5-7][2-5])48\d{5}","8, 9",,,"091 234 567","+855 91 234 567",+85591234567,tel:+855-91-234-567
KI,686,"(?:6200[01]|7(?:310[1-9]|5(?:02[03-9]|12[0-47-9]|22[0-7]|[34](?:0[1-9]|8[02-9])|50[1-9])))\d{3}|(?:63\d\d|7(?:(?:[0146-9]\d|2[0-689])\d|3(?:[02-9]\d|1[1-9])|5(?:[0-2][013-9]|[34][1-79]|5[1-9]|[6-9]\d)))\d{4}",8,,,72001234,"+686 72001234",+68672001234,tel:+686-72001234
KN,1,"869(?:48[89]|55[6-8]|66\d|76[02-7])\d{4}",,,,"(869) 765-2917","+1 869-765-2917",+18697652917,tel:+1-869-765-2917
KR,82,"1(?:05(?:[0-8]\d|9[0-6])|22[13]\d)\d{4,5}|1(?:0[0-46-9]|[16-9]\d|2[013-9])\d{6,7}","9, 10",,,010-2000-0000,"+82 10-2000-0000",+821020000000,tel:+82-10-2000-0000
XK,383,"4[3-9]\d{6}",8,,,"043 201 234","+383 43 201 234",+38343201234,tel:+383-43-201-234
KW,965,"(?:41\d\d|5(?:(?:[05]\d|1[0-7]|6[56])\d|2(?:22|5[25])|7(?:55|77)|88[58])|6(?:(?:0[034679]|5[015-9]|6\d)\d|1(?:00|11|6[16])|2[26]2|3[36]3|4[46]4|7(?:0[013-9]|[67]\d)|8[68]8|9(?:[069]\d|3[039]))|9(?:(?:[04679]\d|8[057-9])\d|1(?:00|1[01]|99)|2(?:00|2\d)|3(?:00|3[03])|5(?:00|5\d)))\d{4}",8,,,"500 12345","+965 500 12345",+96550012345,tel:+965-500-12345
LA,856,"(?:20(?:[23579]\d|8[78])|30[24]\d)\d{6}|30\d{7}","9, 10",,,"020 23 123 456","+856 20 23 123 456",+8562023123456,tel:+856-20-23-123-456
LB,961,"(?:(?:3|81)\d|7(?:[01]\d|6[013-9]|8[7-9]|9[1-3]))\d{5}",,,,"71 123 456","+961 71 123 456",+96171123456,tel:+961-71-123-456
LR,231,"(?:(?:(?:22|33)0|555|7(?:6[01]|7\d)|88\d)\d|4(?:240|[67]))\d{5}|[56]\d{6}","7, 9",,,"077 012 3456","+231 77 012 3456",+231770123456,tel:+231-77-012-3456
LY,218,"9[1-6]\d{7}",,,,091-2345678,"+218 91-2345678",+218912345678,tel:+218-91-2345678
LC,1,"758(?:28[4-7]|384|4(?:6[01]|8[4-9])|5(?:1[89]|20|84)|7(?:1[2-9]|2\d|3[0-3])|812)\d{4}",,,,"(758) 284-5678","+1 758-284-5678",+17582845678,tel:+1-758-284-5678
LI,423,"(?:6(?:(?:4[5-9]|5\d)\d|6(?:[024-6]\d|[17]0|3[7-9]))\d|7(?:[37-9]\d|42|56))\d{4}",,,,"660 234 567","+423 660 234 567",+423660234567,tel:+423-660-234-567
LK,94,"7(?:[0-25-8]\d|4[0-4])\d{6}",,,,"071 234 5678","+94 71 234 5678",+94712345678,tel:+94-71-234-5678
LS,266,"[56]\d{7}",,,,"5012 3456","+266 5012 3456",+26650123456,tel:+266-5012-3456
LT,370,"6\d{7}",,,,"(0-612) 34567","+370 612 34567",+37061234567,tel:+370-612-34567
LU,352,"6(?:[269][18]|5[1568]|7[189]|81)\d{6}",9,,,"628 123 456","+352 628 123 456",+352628123456,tel:+352-628-123-456
LV,371,"2333[0-8]\d{3}|2(?:[0-24-9]\d\d|3(?:0[07]|[14-9]\d|2[02-9]|3[0-24-9]))\d{4}",,,,"21 234 567","+371 21 234 567",+37121234567,tel:+371-21-234-567
MO,853,"6800[0-79]\d{3}|6(?:[235]\d\d|6(?:0[0-5]|[1-9]\d)|8(?:0[1-9]|[14-8]\d|2[5-9]|[39][0-4]))\d{4}",8,,,"6612 3456","+853 6612 3456",+85366123456,tel:+853-6612-3456
MF,590,"(?:69(?:0\d\d|1(?:2[2-9]|3[0-5])|4(?:0[89]|1[2-6]|9\d)|6(?:1[016-9]|5[0-4]|[67]\d))|7090[0-4])\d{4}",,,,"0690 00 12 34","+590 690 00 12 34",+590690001234,tel:+590-690-00-12-34
MA,212,"(?:6(?:[0-79]\d|8[0-247-9])|7(?:[0167]\d|2[0-8]|5[0-5]|8[0-7]))\d{6}",,,,0650-123456,"+212 650-123456",+212650123456,tel:+212-650-123456
MC,377,"4(?:[469]\d|5[1-9])\d{5}|(?:3|6\d)\d{7}",,,,"06 12 34 56 78","+377 6 12 34 56 78",+377612345678,tel:+377-6-12-34-56-78
MD,373,"562\d{5}|(?:6\d|7[16-9])\d{6}",,,,"0621 12 345","+373 621 12 345",+37362112345,tel:+373-621-12-345
MG,261,"3[2-47-9]\d{7}",,,,"032 12 345 67","+261 32 12 345 67",+261321234567,tel:+261-32-12-345-67
MV,960,"(?:46[46]|[79]\d\d)\d{4}",7,,,771-2345,"+960 771-2345",+9607712345,tel:+960-771-2345
MX,52,"(?:2(?:2\d|3[1-35-8]|4[13-9]|7[1-689]|8[1-578]|9[467])|3(?:1[1-79]|[2458][1-9]|3\d|7[1-8]|9[1-5])|4(?:1[1-57-9]|[267][1-9]|3[1-8]|[45]\d|8[1-35-9]|9[2-689])|5(?:[56]\d|88|9[1-79])|6(?:1[2-68]|[2-4][1-9]|5[1-36-9]|6[0-57-9]|7[1-7]|8[67]|9[4-8])|7(?:[1346][1-9]|[27]\d|5[13-9]|8[1-69]|9[17])|8(?:1\d|2[13-689]|3[1-6]|4[124-6]|6[1246-9]|7[0-378]|9[12479])|9(?:1[346-9]|2[1-4]|3[2-46-8]|5[1348]|[69]\d|7[12]|8[1-8]))\d{7}",,,,"222 123 4567","+52 222 123 4567",+522221234567,tel:+52-222-123-4567
MH,692,"(?:(?:23|54)5|329|45[35-8])\d{4}",,,,235-1234,"+692 235-1234",+6922351234,tel:+692-235-1234
MK,389,"7(?:3555|(?:474|9[019]7)7)\d{3}|7(?:[0-25-8]\d\d|3(?:[1-478]\d|6[01])|4(?:2\d|60|7[01578])|9(?:[2-4]\d|5[01]|7[015]))\d{4}",,,,"072 345 678","+389 72 345 678",+38972345678,tel:+389-72-345-678
ML,223,"2(?:0(?:01|79)|17\d)\d{4}|(?:5[0-3]|[679]\d|8[2-59])\d{6}",,,,"65 01 23 45","+223 65 01 23 45",+22365012345,tel:+223-65-01-23-45
MT,356,"(?:7(?:210|[79]\d\d)|9(?:[29]\d\d|69[67]|8(?:1[1-3]|89|97)))\d{4}",,,,"9696 1234","+356 9696 1234",+35696961234,tel:+356-9696-1234
MM,95,"(?:17[01]|9(?:2(?:[0-4]|[56]\d\d)|(?:3(?:[0-36]|4\d)|(?:6\d|8[89]|9[4-8])\d|7(?:3|40|[5-9]\d))\d|4(?:(?:[0245]\d|[1379])\d|88)|5[0-6])\d)\d{4}|9[69]1\d{6}|9(?:[68]\d|9[089])\d{5}","7, 8, 9, 10",,,"09 212 3456","+95 9 212 3456",+9592123456,tel:+95-9-212-3456
ME,382,"6(?:[07-9]\d|3[024]|6[0-25])\d{5}",8,,,"060 123 456","+382 60 123 456",+38260123456,tel:+382-60-123-456
MN,976,"92[0139]\d{5}|(?:5[05]|6[069]|7[28]|8[0135689]|9[013-9])\d{6}",8,,,"8812 3456","+976 8812 3456",+97688123456,tel:+976-8812-3456
MP,1,"670(?:2(?:3[3-7]|56|8[4-8])|32[1-38]|4(?:33|8[348])|5(?:32|55|88)|6(?:64|70|82)|78[3589]|8[3-9]8|989)\d{4}",,,,"(670) 234-5678","+1 670-234-5678",+16702345678,tel:+1-670-234-5678
MZ,258,"8[2-79]\d{7}",9,,,"82 123 4567","+258 82 123 4567",+258821234567,tel:+258-82-123-4567
MR,222,"[2-4][0-46-9]\d{6}",,,,"22 12 34 56","+222 22 12 34 56",+22222123456,tel:+222-22-12-34-56
MS,1,"664(?:3(?:49|9[1-6])|49[2-6])\d{4}",,,,"(664) 492-3456","+1 664-492-3456",+16644923456,tel:+1-664-492-3456
MQ,596,"(?:69[67]\d\d|7091[0-3])\d{4}",,,,"0696 20 12 34","+596 696 20 12 34",+596696201234,tel:+596-696-20-12-34
MU,230,"5(?:4(?:2[1-389]|7[1-9])|87[15-8])\d{4}|(?:5(?:2[5-9]|4[3-689]|[57]\d|8[0-689]|9[0-8])|7(?:0[0-6]|3[013]))\d{5}",8,,,"5251 2345","+230 5251 2345",+23052512345,tel:+230-5251-2345
MW,265,"111\d{6}|(?:31|77|[89][89])\d{7}",9,,,"0991 23 45 67","+265 991 23 45 67",+265991234567,tel:+265-991-23-45-67
MY,60,"1(?:1888[689]|4400|8(?:47|8[27])[0-4])\d{4}|1(?:0(?:[23568]\d|4[0-6]|7[016-9]|9[0-8])|1(?:[1-5]\d\d|6(?:0[5-9]|[1-9]\d)|7(?:[0-4]\d|5[0-7]))|(?:[269]\d|[37][1-9]|4[235-9])\d|5(?:31|9\d\d)|8(?:1[23]|[236]\d|4[06]|5(?:46|[7-9])|7[016-9]|8[01]|9[0-8]))\d{5}","9, 10",,,"012-345 6789","+60 12-345 6789",+60123456789,tel:+60-12-345-6789
YT,262,"(?:639(?:0[0-79]|1[019]|[267]\d|3[09]|40|5[05-9]|9[04-79])|7093[5-7])\d{4}",,,,"0639 01 23 45","+262 639 01 23 45",+262639012345,tel:+262-639-01-23-45
NA,264,"(?:60|8[1245])\d{7}",9,,,"081 123 4567","+264 81 123 4567",+264811234567,tel:+264-81-123-4567
NC,687,"(?:[579]\d|8[0-79])\d{4}",,,,75.12.34,"+687 75.12.34",+687751234,tel:+687-75-12-34
NE,227,"(?:23|7[0467]|[89]\d)\d{6}",,,,"93 12 34 56","+227 93 12 34 56",+22793123456,tel:+227-93-12-34-56
NF,672,"(?:14|3[58])\d{4}",,,,"3 81234","+672 3 81234",+672381234,tel:+672-3-81234
NG,234,"(?:702[0-24-9]|819[01])\d{6}|(?:7(?:0[13-9]|[12]\d)|8(?:0[1-9]|1[0-8])|9(?:0[1-9]|1[1-6]))\d{7}",10,,,"0802 123 4567","+234 802 123 4567",+2348021234567,tel:+234-802-123-4567
NI,505,"(?:5(?:5[0-7]|[78]\d)|6(?:20|3[035]|4[045]|5[05]|77|8[1-9]|9[059])|(?:7[5-8]|8\d)\d)\d{5}",,,,"8123 4567","+505 8123 4567",+50581234567,tel:+505-8123-4567
NU,683,"(?:[56]|888[1-9])\d{3}",,,,"888 4012","+683 888 4012",+6838884012,tel:+683-888-4012
NL,31,"(?:6[1-58]|970\d)\d{7}","9, 11",,,"06 12345678","+31 6 12345678",+31612345678,tel:+31-6-12345678
NO,47,"(?:4[015-8]|9\d)\d{6}",8,,,"40 61 23 45","+47 40 61 23 45",+4740612345,tel:+47-40-61-23-45
NP,977,"9(?:00|6[0-3]|7[0-24-6]|8[0-24-68])\d{7}",10,,,984-1234567,"+977 984-1234567",+9779841234567,tel:+977-984-1234567
NR,674,"(?:222|55[3-9]|666|777|8\d\d|999)\d{4}",,,,"555 1234","+674 555 1234",+6745551234,tel:+674-555-1234
NZ,64,"2(?:[0-27-9]\d|6)\d{6,7}|2(?:1\d|75)\d{5}","8, 9, 10",,,"021 123 4567","+64 21 123 4567",+64211234567,tel:+64-21-123-4567
OM,968,"1505\d{4}|(?:7(?:[125-9]\d|41)|9(?:0[1-9]|[1-9]\d))\d{5}",8,,,"9212 3456","+968 9212 3456",+96892123456,tel:+968-9212-3456
PK,92,"3(?:[0-247]\d|3[0-79]|55|64)\d{7}",10,,,"0301 2345678","+92 301 2345678",+923012345678,tel:+92-301-2345678
PA,507,"(?:1[16]1|21[89]|6\d{3}|8(?:1[01]|7[23]))\d{4}","7, 8",,,6123-4567,"+507 6123-4567",+50761234567,tel:+507-6123-4567
PN,,,,,,,,,
PE,51,"9\d{8}",9,,,"912 345 678","+51 912 345 678",+51912345678,tel:+51-912-345-678
PH,63,"(?:8(?:1[37]|9[5-8])|9(?:0[5-9]|1[0-24-9]|[235-7]\d|4[2-9]|8[135-9]|9[1-9]))\d{7}",10,,,"0905 123 4567","+63 905 123 4567",+639051234567,tel:+63-905-123-4567
PW,680,"(?:(?:46|83)[0-5]|(?:6[2-4689]|78)0)\d{4}|(?:45|77|88)\d{5}",,,,"620 1234","+680 620 1234",+6806201234,tel:+680-620-1234
PG,675,"(?:7\d|8[1-48])\d{6}",8,,,"7012 3456","+675 7012 3456",+67570123456,tel:+675-7012-3456
PL,48,"2131[89]\d{4}|21(?:1[013-5]|2\d|3[2-9])\d{5}|(?:45|5[0137]|6[069]|7[2389]|88)\d{7}",9,,,"512 345 678","+48 512 345 678",+48512345678,tel:+48-512-345-678
PR,1,"(?:787|939)[2-9]\d{6}",,,,"(787) 234-5678","+1 787-234-5678",+17872345678,tel:+1-787-234-5678
KP,850,"19[1-3]\d{7}",10,,,"0192 123 4567","+850 192 123 4567",+8501921234567,tel:+850-192-123-4567
PT,351,"6(?:[06]92(?:30|9\d)|[35]92(?:[049]\d|3[034]))\d{3}|(?:(?:16|6[0356])93|9(?:[1-36]\d\d|480))\d{5}",,,,"912 345 678","+351 912 345 678",+351912345678,tel:+351-912-345-678
PY,595,"9(?:51|6[129]|7[1-6]|8[1-7]|9[1-5])\d{6}",9,,,"0961 456789","+595 961 456789",+595961456789,tel:+595-961-456789
PS,970,"5[69]\d{7}",9,,,"0599 123 456","+970 599 123 456",+970599123456,tel:+970-599-123-456
PF,689,"8[7-9]\d{6}",8,,,"87 12 34 56","+689 87 12 34 56",+68987123456,tel:+689-87-12-34-56
QA,974,"[35-7]\d{7}",8,,,"3312 3456","+974 3312 3456",+97433123456,tel:+974-3312-3456
RE,262,"(?:69(?:2\d\d|3(?:[06][0-6]|1[0-3]|2[0-2]|3[0-39]|4\d|5[0-5]|7[0-37]|8[0-8]|9[0-479]))|7092[0-3])\d{4}",,,,"0692 12 34 56","+262 692 12 34 56",+262692123456,tel:+262-692-12-34-56
RO,40,"(?:630|702)0\d{5}|(?:6(?:00|2\d)|7(?:0[013-9]|1[0-3]|[2-7]\d|8[03-8]|9[0-39]))\d{6}",9,,,"0712 034 567","+40 712 034 567",+40712034567,tel:+40-712-034-567
RU,7,"9\d{9}",10,,,"8 (912) 345-67-89","+7 912 345-67-89",+79123456789,tel:+7-912-345-67-89
RW,250,"7[237-9]\d{7}",9,,,"0720 123 456","+250 720 123 456",+250720123456,tel:+250-720-123-456
SA,966,"579[01]\d{5}|5(?:[013-689]\d|7[0-8])\d{6}",9,,,"051 234 5678","+966 51 234 5678",+966512345678,tel:+966-51-234-5678
SD,249,"(?:1[0-2]|9[0-3569])\d{7}",,,,"091 123 1234","+249 91 123 1234",+249911231234,tel:+249-91-123-1234
SN,221,"7(?:(?:[06-8]\d|[19]0|21)\d|5(?:0[01]|[19]0|2[25]|3[356]|[4-7]\d|8[35]))\d{5}",,,,"70 123 45 67","+221 70 123 45 67",+221701234567,tel:+221-70-123-45-67
SG,65,"898[02-8]\d{4}|(?:8(?:0[1-9]|[1-8]\d|9[0-7])|9[0-8]\d)\d{5}",8,,,"8123 4567","+65 8123 4567",+6581234567,tel:+65-8123-4567
GS,,,,,,,,,
SJ,47,"(?:4[015-8]|9\d)\d{6}",8,,,"41 23 45 67","+47 41 23 45 67",+4741234567,tel:+47-41-23-45-67
SB,677,"48\d{3}|(?:(?:6[89]|7[1-9]|8[4-9])\d|9(?:1[2-9]|2[013-9]|3[0-2]|[46]\d|5[0-46-9]|7[0-689]|8[0-79]|9[0-8]))\d{4}",,,,"74 21234","+677 74 21234",+6777421234,tel:+677-74-21234
SL,232,"(?:25|3[0-5]|66|7[1-9]|8[08]|9[09])\d{6}",,,,"(025) 123456","+232 25 123456",+23225123456,tel:+232-25-123456
SV,503,"[67]\d{7}",8,,,"7012 3456","+503 7012 3456",+50370123456,tel:+503-7012-3456
SM,378,"6[16]\d{6}",8,,,"66 66 12 12","+378 66 66 12 12",+37866661212,tel:+378-66-66-12-12
SO,252,"(?:(?:15|(?:3[59]|4[89]|6\d|7[679]|8[08])\d|9(?:0\d|[2-9]))\d|2(?:4\d|8))\d{5}|(?:[67]\d\d|904)\d{5}","7, 8, 9",,,"7 1123456","+252 7 1123456",+25271123456,tel:+252-7-1123456
PM,508,"(?:4[02-489]|5[02-9]|708(?:4[0-5]|5[0-6]))\d{4}",,,,"055 12 34","+508 55 12 34",+508551234,tel:+508-55-12-34
RS,381,"6(?:[0-689]|7\d)\d{6,7}","8, 9, 10",,,"060 1234567","+381 60 1234567",+381601234567,tel:+381-60-1234567
SS,211,"(?:12|9[1257-9])\d{7}",,,,"0977 123 456","+211 977 123 456",+211977123456,tel:+211-977-123-456
ST,239,"900[5-9]\d{3}|9(?:0[1-9]|[89]\d)\d{4}",,,,"981 2345","+239 981 2345",+2399812345,tel:+239-981-2345
SR,597,"(?:6[08]|7[124-7]|8[1-9])\d{5}",7,,,741-2345,"+597 741-2345",+5977412345,tel:+597-741-2345
SK,421,"909[1-9]\d{5}|9(?:0[1-8]|1[0-24-9]|4[03-57-9]|5\d)\d{6}",9,,,"0912 123 456","+421 912 123 456",+421912123456,tel:+421-912-123-456
SI,386,"65(?:[178]\d|5[56]|6[01])\d{4}|(?:[37][01]|4[0139]|51|6[489])\d{6}",8,,,"031 234 567","+386 31 234 567",+38631234567,tel:+386-31-234-567
SE,46,"7[02369]\d{7}",9,,,"070-123 45 67","+46 70 123 45 67",+46701234567,tel:+46-70-123-45-67
SZ,268,"7[5-9]\d{6}",8,,,"7612 3456","+268 7612 3456",+26876123456,tel:+268-7612-3456
SC,248,"2[125-8]\d{5}",,,,"2 510 123","+248 2 510 123",+2482510123,tel:+248-2-510-123
SY,963,"(?:50|9[1-9])\d{7}",9,,,"0944 567 890","+963 944 567 890",+963944567890,tel:+963-944-567-890
TC,1,"649(?:2(?:3[129]|4[1-79])|3\d\d|4[34][1-3])\d{4}",,,,"(649) 231-1234","+1 649-231-1234",+16492311234,tel:+1-649-231-1234
TD,235,"(?:30|[69]\d|77|8[56])\d{6}",,,,"63 01 23 45","+235 63 01 23 45",+23563012345,tel:+235-63-01-23-45
TG,228,"(?:7[0-29]|9[0-36-9])\d{6}",,,,"90 11 23 45","+228 90 11 23 45",+22890112345,tel:+228-90-11-23-45
TH,66,"67(?:1[0-8]|2[4-7])\d{5}|(?:14|6[1-6]|[89]\d)\d{7}",9,,,"081 234 5678","+66 81 234 5678",+66812345678,tel:+66-81-234-5678
TJ,992,"(?:33[03-9]|4(?:1[18]|4[02-479])|81[1-9])\d{6}|(?:[09]\d|1[0-27-9]|2[0-27]|[34]0|5[05]|7[01578]|8[078])\d{7}",,,,"91 712 3456","+992 91 712 3456",+992917123456,tel:+992-91-712-3456
TK,690,"7[2-4]\d{2,5}",,,,7290,"+690 7290",+6907290,tel:+690-7290
TM,993,"(?:6\d|71)\d{6}",,,,"8 66 123456","+993 66 123456",+99366123456,tel:+993-66-123456
TL,670,"7[2-8]\d{6}",8,,,"7721 2345","+670 7721 2345",+67077212345,tel:+670-7721-2345
TO,676,"(?:5(?:4[0-5]|5[4-6])|6(?:[09]\d|3[02]|8[15-9])|(?:7\d|8[46-9])\d|999)\d{4}",7,,,"771 5123","+676 771 5123",+6767715123,tel:+676-771-5123
TT,1,"868(?:(?:2[5-9]|3\d)\d|4(?:3[0-6]|[6-9]\d)|6(?:20|78|8\d)|7(?:0[1-9]|1[02-9]|[2-9]\d))\d{4}",,,,"(868) 291-1234","+1 868-291-1234",+18682911234,tel:+1-868-291-1234
TN,216,"3(?:001|[12]40)\d{4}|(?:(?:[259]\d|4[0-8])\d|3(?:1[1-35]|6[0-4]|91))\d{5}",,,,"20 123 456","+216 20 123 456",+21620123456,tel:+216-20-123-456
TR,90,"561(?:011|61\d)\d{4}|5(?:0[15-7]|1[06]|24|[34]\d|5[1-59]|9[46])\d{7}",10,,,"0501 234 56 78","+90 501 234 56 78",+905012345678,tel:+90-501-234-56-78
TV,688,"(?:7[01]\d|90)\d{4}","6, 7",,,"90 1234","+688 90 1234",+688901234,tel:+688-90-1234
TW,886,"(?:40001[0-2]|9[0-8]\d{4})\d{3}",9,,,"0912 345 678","+886 912 345 678",+886912345678,tel:+886-912-345-678
TZ,255,"(?:6[125-9]|7[13-9])\d{7}",,,,"0621 234 567","+255 621 234 567",+255621234567,tel:+255-621-234-567
UG,256,"72[48]0\d{5}|7(?:[014-8]\d|2[067]|36|9[0189])\d{6}",,,,"0712 345678","+256 712 345678",+256712345678,tel:+256-712-345678
UA,380,"790\d{6}|(?:39|50|6[36-8]|7[1-357]|9[1-9])\d{7}",9,,,"050 123 4567","+380 50 123 4567",+380501234567,tel:+380-50-123-4567
UM,,,,,,,,,
UY,598,"9[1-9]\d{6}",8,,,"094 231 234","+598 94 231 234",+59894231234,tel:+598-94-231-234
US,1,"(?:3052(?:0[0-8]|[1-9]\d)|5056(?:[0-35-9]\d|4[0-68]))\d{4}|(?:2742|305[3-9]|(?:472|983)[2-47-9]|505[2-57-9])\d{6}|(?:2(?:0[1-35-9]|1[02-9]|2[03-57-9]|3[1459]|4[08]|5[1-46]|6[0279]|7[0269]|8[13])|3(?:0[1-47-9]|1[02-9]|2[0135-79]|3[0-24679]|4[167]|5[0-2]|6[01349]|8[056])|4(?:0[124-9]|1[02-579]|2[3-5]|3[0245]|4[023578]|58|6[349]|7[0589]|8[04])|5(?:0[1-47-9]|1[0235-8]|20|3[0149]|4[01]|5[179]|6[1-47]|7[0-5]|8[0256])|6(?:0[1-35-9]|1[024-9]|2[03689]|3[016]|4[0156]|5[01679]|6[0-279]|78|8[0-269])|7(?:0[1-46-8]|1[2-9]|2[04-8]|3[0-247]|4[0378]|5[47]|6[02359]|7[0-59]|8[156])|8(?:0[1-68]|1[02-8]|2[0168]|3[0-2589]|4[03578]|5[046-9]|6[02-5]|7[028])|9(?:0[1346-9]|1[02-9]|2[0589]|3[0146-8]|4[01357-9]|5[12469]|7[0-3589]|8[04-69]))[2-9]\d{6}",,,,"(201) 555-0123","+1 201-555-0123",+12015550123,tel:+1-201-555-0123
UZ,998,"(?:(?:[25]0|33|8[78]|9[0-57-9])\d{3}|6(?:1(?:2(?:2[01]|98)|35[0-4]|50\d|61[23]|7(?:[01][017]|4\d|55|9[5-9]))|2(?:(?:11|7\d)\d|2(?:[12]1|9[01379])|5(?:[126]\d|3[0-4]))|5(?:19[01]|2(?:27|9[26])|(?:30|59|7\d)\d)|6(?:2(?:1[5-9]|2[0367]|38|41|52|60)|(?:3[79]|9[0-3])\d|4(?:56|83)|7(?:[07]\d|1[017]|3[07]|4[047]|5[057]|67|8[0178]|9[79]))|7(?:2(?:24|3[237]|4[5-9]|7[15-8])|5(?:7[12]|8[0589])|7(?:0\d|[39][07])|9(?:0\d|7[079])))|7(?:[07]\d{3}|2(?:2(?:2[79]|95)|3(?:2[5-9]|6[0-6])|57\d|7(?:0\d|1[17]|2[27]|3[37]|44|5[057]|66|88))|3(?:2(?:1[0-6]|21|3[469]|7[159])|(?:33|9[4-6])\d|5(?:0[0-4]|5[579]|9\d)|7(?:[0-3579]\d|4[0467]|6[67]|8[078]))|4(?:2(?:29|5[0257]|6[0-7]|7[1-57])|5(?:1[0-4]|8\d|9[5-9])|7(?:0\d|1[024589]|2[0-27]|3[0137]|[46][07]|5[01]|7[5-9]|9[079])|9(?:7[015-9]|[89]\d))|5(?:112|2(?:0\d|2[29]|[49]4)|3[1568]\d|52[6-9]|7(?:0[01578]|1[017]|[23]7|4[047]|[5-7]\d|8[78]|9[079]))|9(?:22[128]|3(?:2[0-4]|7\d)|57[02569]|7(?:2[05-9]|3[37]|4\d|60|7[2579]|87|9[07]))))\d{4}",,,,"91 234 56 78","+998 91 234 56 78",+998912345678,tel:+998-91-234-56-78
VA,39,"3[1-9]\d{8}|3[2-9]\d{7}","9, 10",,,"312 345 6789","+39 312 345 6789",+393123456789,tel:+39-312-345-6789
VC,1,"784(?:4(?:3[0-5]|5[45]|89|9[0-8])|5(?:2[6-9]|3[0-4])|720)\d{4}",,,,"(784) 430-1234","+1 784-430-1234",+17844301234,tel:+1-784-430-1234
VE,58,"4(?:1[24-8]|2[246])\d{7}",,,,0412-1234567,"+58 412-1234567",+584121234567,tel:+58-412-1234567
VG,1,"284(?:245|3(?:0[0-3]|4[0-7]|68|9[34])|4(?:4[0-6]|68|9[69])|5(?:4[0-7]|68|9[69]))\d{4}",,,,"(284) 300-1234","+1 284-300-1234",+12843001234,tel:+1-284-300-1234
VI,1,"340(?:2(?:0\d|10|2[06-8]|4[49]|77)|3(?:32|44)|4(?:2[23]|44|7[34]|89)|5(?:1[34]|55)|6(?:2[56]|4[23]|77|9[023])|7(?:1[2-57-9]|2[57]|7\d)|884|998)\d{4}",,,,"(340) 642-1234","+1 340-642-1234",+13406421234,tel:+1-340-642-1234
VN,84,"(?:5(?:2[238]|59)|89[6-9]|99[013-9])\d{6}|(?:3\d|5[1689]|7[06-9]|8[1-8]|9[0-8])\d{7}",9,,,"0912 345 678","+84 912 345 678",+84912345678,tel:+84-912-345-678
VU,678,"(?:[58]\d|7[013-7])\d{5}",7,,,"591 2345","+678 591 2345",+6785912345,tel:+678-591-2345
WF,681,"(?:72|8[23])\d{4}",6,,,"82 12 34","+681 82 12 34",+681821234,tel:+681-82-12-34
WS,685,"(?:7[1-35-8]|8(?:[3-7]|9\d{3}))\d{5}","7, 10",,,"72 12345","+685 72 12345",+6857212345,tel:+685-72-12345
YE,967,"7[01378]\d{7}",9,,,"0712 345 678","+967 712 345 678",+967712345678,tel:+967-712-345-678
ZA,27,"(?:1(?:3492[0-25]|4495[0235]|549(?:20|5[01]))|4[34]492[01])\d{3}|8[1-4]\d{3,7}|(?:2[27]|47|54)4950\d{3}|(?:1(?:049[2-4]|9[12]\d\d)|(?:50[0-2]|6\d\d|7(?:[0-46-9]\d|5[0-4]))\d\d|8(?:5\d{3}|7(?:08[67]|158|28[5-9]|310)))\d{4}|(?:1[6-8]|28|3[2-69]|4[025689]|5[36-8])4920\d{3}|(?:12|[2-5]1)492\d{4}","5, 6, 7, 8, 9",,,"071 123 4567","+27 71 123 4567",+27711234567,tel:+27-71-123-4567
ZM,260,"(?:[59][5-8]|7[5-9])\d{7}",,,,"095 5123456","+260 95 5123456",+260955123456,tel:+260-95-5123456
ZW,263,"7(?:[1278]\d|3[1-9])\d{6}",9,,,"071 234 5678","+263 71 234 5678",+263712345678,tel:+263-71-234-5678
